epoch,steps,cosine_pearson,cosine_spearman
1.0,93,0.8583462231397738,0.8808123871485483
2.0,186,0.9188985339911104,0.9199327906910091
3.0,279,0.9267540018676885,0.9277772204866583
